CustomerID,FirstName,LastName,Email,PhoneNumber
1,Terri,Allen,terri.allen.192@outlook.com,(211)844-7622x4060
2,Lauren,Clark,lauren.clark.449@gmail.com,001-804-493-8595x110
3,Samantha,Woods,samantha.woods.731@yahoo.com,229-955-6835x047
4,Christopher,Frye,christopher.frye.997@yahoo.com,511-792-0126x96283
5,Christina,Duarte,christina.duarte.849@outlook.com,285-760-9310
6,Ashley,Shelton,ashley.shelton.946@yahoo.com,939-732-1630
7,Edward,Mayer,edward.mayer.768@outlook.com,+1-699-252-7119
8,Alexandria,Perez,alexandria.perez.420@hotmail.com,908.734.0693
9,Heather,Ross,heather.ross.092@hotmail.com,001-282-535-8855x901
10,Gerald,Ross,gerald.ross.032@gmail.com,380-758-5574x9011
11,John,Coleman,john.coleman.722@gmail.com,(588)908-8625x5095
12,Christie,Coleman,christie.coleman.952@hotmail.com,001-549-323-3251x805
13,Andrew,Donaldson,andrew.donaldson.609@yahoo.com,359.335.1786x763
14,Jeremy,Young,jeremy.young.334@hotmail.com,+1-560-967-4281x421
15,Jennifer,Myers,jennifer.myers.261@hotmail.com,786.432.8763
16,Andrew,Brown,andrew.brown.592@gmail.com,587-200-3093x74454
17,Meghan,Fletcher,meghan.fletcher.819@hotmail.com,(607)342-8597x0618
18,Alyssa,Murray,alyssa.murray.310@outlook.com,(505)583-1397x3420
19,Tami,Dawson,tami.dawson.438@yahoo.com,687-967-3253
20,April,Lewis,april.lewis.811@outlook.com,(205)556-4265x852
21,Melanie,Jackson,melanie.jackson.543@hotmail.com,674.576.8962x982
22,William,Mccarthy,william.mccarthy.123@hotmail.com,001-770-868-8849x954
23,Joshua,Andrade,joshua.andrade.967@gmail.com,526-417-9028
24,Christopher,Robinson,christopher.robinson.760@hotmail.com,5407159691
25,Christopher,Lopez,christopher.lopez.164@hotmail.com,6838695022
26,Darryl,Harris,darryl.harris.080@gmail.com,(639)427-8245x62011
27,Susan,Pineda,susan.pineda.197@hotmail.com,(931)270-2209
28,Garrett,Smith,garrett.smith.338@outlook.com,(399)377-5736
29,Jeffrey,Perry,jeffrey.perry.647@gmail.com,001-437-676-9828x8854
30,Ashley,Johnson,ashley.johnson.320@hotmail.com,+1-919-631-1279x66232
31,Gary,Brown,gary.brown.846@outlook.com,531-567-8630
32,Joseph,Booth,joseph.booth.300@gmail.com,5855156543
33,Kimberly,Ortiz,kimberly.ortiz.643@hotmail.com,750-651-5169x3360
34,Jennifer,Todd,jennifer.todd.787@gmail.com,001-599-403-5865x9457
35,Jason,Nunez,jason.nunez.860@hotmail.com,(743)581-5416
36,Veronica,Garcia,veronica.garcia.913@yahoo.com,+1-970-617-1574
37,Kevin,Mcguire,kevin.mcguire.425@gmail.com,251-646-9904x23237
38,Samuel,Jones,samuel.jones.619@yahoo.com,6854409406
39,Nicole,Miller,nicole.miller.388@yahoo.com,(989)917-8008x00709
40,Audrey,Simpson,audrey.simpson.446@yahoo.com,897.915.8060
41,Sarah,Petersen,sarah.petersen.870@gmail.com,+1-978-348-8189x692
42,Teresa,Schneider,teresa.schneider.634@gmail.com,735-475-2168
43,Kevin,Whitaker,kevin.whitaker.078@hotmail.com,351.532.1747x36154
44,Matthew,Mitchell,matthew.mitchell.123@outlook.com,703.432.8803x505
45,Rebecca,Pineda,rebecca.pineda.693@yahoo.com,696-642-1282
46,Susan,Kirby,susan.kirby.280@outlook.com,6015989288
47,Sophia,Taylor,sophia.taylor.668@gmail.com,(806)299-2088x808
48,Jessica,Jenkins,jessica.jenkins.046@outlook.com,7884625444
49,Timothy,Rangel,timothy.rangel.829@yahoo.com,3114050686
50,John,Hensley,john.hensley.871@hotmail.com,650.922.3230
51,Rodney,Rivera,rodney.rivera.859@yahoo.com,001-916-879-3640x61116
52,Nicole,Harvey,nicole.harvey.611@gmail.com,+1-964-924-8531x256
53,Shawn,Zimmerman,shawn.zimmerman.994@hotmail.com,+1-680-776-6082x519
54,Elizabeth,Miller,elizabeth.miller.616@hotmail.com,+1-881-971-2305
55,James,Steele,james.steele.906@gmail.com,490.744.9393x49899
56,Kevin,Floyd,kevin.floyd.013@gmail.com,(882)835-4173x61868
57,Wendy,Martin,wendy.martin.579@outlook.com,+1-813-749-2582x580
58,Christine,Clarke,christine.clarke.776@hotmail.com,001-476-692-5175
59,Jonathan,Williams,jonathan.williams.538@hotmail.com,(640)801-4898x677
60,Benjamin,Mccoy,benjamin.mccoy.036@hotmail.com,+1-468-865-1733x4256
61,Emily,Lee,emily.lee.168@yahoo.com,711.563.8746x21123
62,Jennifer,Underwood,jennifer.underwood.248@hotmail.com,+1-459-775-2802x960
63,Robin,Young,robin.young.544@gmail.com,510-699-1375x512
64,Leslie,Morgan,leslie.morgan.786@gmail.com,532.596.5341x725
65,Carolyn,Smith,carolyn.smith.884@gmail.com,(476)515-0891
66,Louis,Long,louis.long.346@outlook.com,001-383-558-6798x3772
67,Ashley,Anderson,ashley.anderson.996@outlook.com,4266221329
68,Patricia,Thomas,patricia.thomas.911@hotmail.com,818-559-7463
69,Chelsea,Rogers,chelsea.rogers.704@outlook.com,001-211-560-5145x681
70,James,Perez,james.perez.363@gmail.com,+1-966-792-6560x5891
71,Tracy,Thomas,tracy.thomas.396@hotmail.com,(934)722-0769
72,Andrew,Horne,andrew.horne.900@yahoo.com,714.677.3726x1650
73,Angelica,Soto,angelica.soto.290@outlook.com,+1-789-929-0036x25085
74,Alexander,Christian,alexander.christian.388@hotmail.com,7783791320
75,Billy,Rodriguez,billy.rodriguez.318@outlook.com,442.522.2648
76,Mark,Garrett,mark.garrett.836@outlook.com,495.751.4782x022
77,Eric,Becker,eric.becker.986@gmail.com,(461)233-4797
78,Sarah,Beltran,sarah.beltran.711@hotmail.com,965-984-1325x130
79,Megan,Proctor,megan.proctor.920@hotmail.com,885.660.3460x3579
80,Suzanne,West,suzanne.west.439@yahoo.com,303.370.5119
81,Michael,Dixon,michael.dixon.393@gmail.com,(637)797-1537x135
82,Jennifer,Arellano,jennifer.arellano.133@yahoo.com,001-936-982-4802
83,Rebecca,Ibarra,rebecca.ibarra.248@yahoo.com,+1-386-363-3582x72036
84,Amy,Reeves,amy.reeves.776@hotmail.com,(514)875-1410x1837
85,Brandon,Brooks,brandon.brooks.052@outlook.com,967.484.2810
86,Shawn,White,shawn.white.709@yahoo.com,(218)679-4081
87,Kristi,Cohen,kristi.cohen.022@yahoo.com,(871)617-6572x2915
88,Ryan,Finley,ryan.finley.663@gmail.com,919-651-3010
89,Cassandra,Payne,cassandra.payne.064@gmail.com,(489)825-1387
90,Corey,Jones,corey.jones.593@yahoo.com,589.305.3227x7605
91,Charles,Freeman,charles.freeman.508@yahoo.com,(954)256-2964x636
92,Kristin,Potts,kristin.potts.827@outlook.com,901-703-3961
93,Bianca,Hogan,bianca.hogan.560@gmail.com,001-302-892-4237
94,Sharon,Horton,sharon.horton.020@yahoo.com,+1-493-487-7686x17250
95,Laura,Peterson,laura.peterson.548@outlook.com,+1-368-935-7905x631
96,Virginia,Walters,virginia.walters.385@hotmail.com,797-772-2094
97,Shannon,Pugh,shannon.pugh.385@gmail.com,+1-389-636-2238
98,Jennifer,Hendrix,jennifer.hendrix.259@hotmail.com,(212)510-2268x69116
99,Megan,Vaughan,megan.vaughan.990@hotmail.com,386-512-6791
100,Christopher,Jones,christopher.jones.193@gmail.com,(308)743-4668
101,Matthew,Fernandez,matthew.fernandez.145@hotmail.com,(909)201-4635x035
102,Jamie,Barrera,jamie.barrera.630@outlook.com,001-340-383-6883x1235
103,Lisa,Bird,lisa.bird.250@yahoo.com,634-623-8856x88859
104,Deanna,Gates,deanna.gates.402@outlook.com,826.467.3830x604
105,Jake,Johnson,jake.johnson.316@outlook.com,645.789.5009
106,Aaron,Snyder,aaron.snyder.589@outlook.com,415.909.7382
107,Lisa,Torres,lisa.torres.182@gmail.com,(684)636-3098x340
108,Christopher,Hoffman,christopher.hoffman.530@hotmail.com,001-781-290-0521x775
109,Kelly,Simon,kelly.simon.300@gmail.com,(860)928-5816x8941
110,Jessica,Black,jessica.black.242@gmail.com,+1-495-849-8023x2597
111,Patricia,Cooper,patricia.cooper.640@gmail.com,759.444.2322x1831
112,Angelica,Walker,angelica.walker.571@outlook.com,852-292-8745x2074
113,Jennifer,Wilson,jennifer.wilson.758@yahoo.com,+1-371-463-3683x8174
114,Scott,Reese,scott.reese.516@yahoo.com,001-782-540-3085x2201
115,Amanda,Romero,amanda.romero.295@gmail.com,+1-286-810-2062x38487
116,Nancy,Jensen,nancy.jensen.460@hotmail.com,001-781-207-0917x307
117,Richard,Turner,richard.turner.112@outlook.com,(434)810-3261
118,Kelly,Carter,kelly.carter.432@yahoo.com,(438)475-5956
119,Jesse,Adkins,jesse.adkins.035@gmail.com,345-803-2287
120,Yvette,Perkins,yvette.perkins.117@outlook.com,001-589-636-1477x7176
121,Stacey,Brown,stacey.brown.915@gmail.com,(582)872-7123x55648
122,Luis,Fitzgerald,luis.fitzgerald.065@yahoo.com,8589829830
123,Sara,Tate,sara.tate.082@outlook.com,(778)898-3155
124,Amy,Adams,amy.adams.500@hotmail.com,4643238929
125,John,Butler,john.butler.846@outlook.com,334.840.9267
126,Timothy,Compton,timothy.compton.674@hotmail.com,595-638-1971
127,Kristin,Gonzales,kristin.gonzales.220@outlook.com,(362)229-5913
128,Zachary,Cox,zachary.cox.985@outlook.com,(893)834-5354x638
129,Amy,Green,amy.green.091@gmail.com,571.311.0377x1646
130,Diana,Brown,diana.brown.756@gmail.com,001-696-828-1179
131,Kenneth,Kennedy,kenneth.kennedy.785@gmail.com,772-329-9370
132,Jesse,Owens,jesse.owens.271@outlook.com,+1-224-424-0038x820
133,Kathy,Kaiser,kathy.kaiser.529@gmail.com,(403)602-0557x48019
134,Emily,Shaffer,emily.shaffer.454@gmail.com,(472)322-7986
135,Matthew,Griffin,matthew.griffin.995@yahoo.com,971-534-8588
136,Curtis,Good,curtis.good.298@hotmail.com,+1-504-711-1004
137,Katherine,Jackson,katherine.jackson.722@gmail.com,298-828-4249
138,Sean,Johnson,sean.johnson.939@gmail.com,776-886-6434x78983
139,Joan,Clark,joan.clark.055@hotmail.com,408.804.8951x845
140,Michelle,Pearson,michelle.pearson.689@hotmail.com,(236)799-4154
141,Emily,Gallegos,emily.gallegos.531@outlook.com,+1-874-769-8173x844
142,Christian,Ruiz,christian.ruiz.083@hotmail.com,560.895.3677
143,Michael,Williams,michael.williams.154@yahoo.com,001-547-264-2389
144,Larry,Saunders,larry.saunders.962@gmail.com,+1-917-856-9217
145,Allison,Romero,allison.romero.414@hotmail.com,641-857-2795x684
146,Jeffrey,Robinson,jeffrey.robinson.082@yahoo.com,637-641-1573
147,Matthew,Collins,matthew.collins.730@gmail.com,4987258677
148,Jose,Zimmerman,jose.zimmerman.326@hotmail.com,+1-500-421-0745x4126
149,Nicole,Valencia,nicole.valencia.534@yahoo.com,(616)631-7250x0892
150,Emily,Hicks,emily.hicks.132@outlook.com,+1-973-432-6180x3993
151,Heather,Robinson,heather.robinson.763@hotmail.com,+1-373-592-7034x1258
152,Paula,Crawford,paula.crawford.963@hotmail.com,738-756-8039
153,Melissa,Thomas,melissa.thomas.392@yahoo.com,(631)607-3910x90096
154,Jennifer,Mcguire,jennifer.mcguire.817@outlook.com,(726)375-5154x1467
155,Rhonda,Montgomery,rhonda.montgomery.284@hotmail.com,+1-341-719-4800
156,Michael,Love,michael.love.513@outlook.com,386.857.7020x5841
157,Erik,Black,erik.black.264@yahoo.com,346.992.6505x6287
158,Kevin,Alexander,kevin.alexander.671@outlook.com,+1-501-647-6767x7245
159,Victoria,Lee,victoria.lee.077@hotmail.com,+1-715-604-0531x1016
160,Charles,Miller,charles.miller.183@yahoo.com,935-585-8555x4188
161,Ashley,Robles,ashley.robles.449@gmail.com,400.838.5328x3776
162,Alicia,Giles,alicia.giles.777@hotmail.com,857.745.8677x05464
163,Nicole,Solis,nicole.solis.825@yahoo.com,4297100682
164,Michelle,Mcguire,michelle.mcguire.757@outlook.com,(455)326-2862x3148
165,John,Meyer,john.meyer.140@hotmail.com,6059935857
166,James,Johnson,james.johnson.696@hotmail.com,(936)878-9899x40437
167,Jennifer,Huerta,jennifer.huerta.733@outlook.com,(398)605-1875x17625
168,Michelle,Gomez,michelle.gomez.613@outlook.com,834.265.3876x59083
169,Daniel,Reyes,daniel.reyes.911@yahoo.com,572.396.0008x14748
170,Luis,Snow,luis.snow.063@yahoo.com,+1-748-389-4350x79200
171,Joshua,Oliver,joshua.oliver.777@outlook.com,245-942-1738x0915
172,Jackie,Rogers,jackie.rogers.703@yahoo.com,(920)767-5058
173,Kayla,Blevins,kayla.blevins.508@yahoo.com,505-921-3810
174,Brandon,Horton,brandon.horton.852@gmail.com,001-315-728-8730x9461
175,James,Salas,james.salas.441@outlook.com,641.509.1102
176,David,Chapman,david.chapman.889@yahoo.com,001-258-710-4852
177,Martin,Munoz,martin.munoz.927@yahoo.com,445.597.6337x41335
178,Kylie,Thompson,kylie.thompson.156@gmail.com,001-355-591-8198
179,Ashley,Smith,ashley.smith.230@outlook.com,001-410-384-3027x5057
180,Taylor,Johnston,taylor.johnston.988@gmail.com,500.713.3352
181,Wayne,Sandoval,wayne.sandoval.353@yahoo.com,274.274.5264x6703
182,Jesse,Warren,jesse.warren.291@gmail.com,(464)230-2550x401
183,Donna,Robinson,donna.robinson.647@gmail.com,605-350-1254x85633
184,Richard,Hill,richard.hill.074@gmail.com,778.745.0189
185,Robert,Herrera,robert.herrera.603@hotmail.com,(923)394-3191
186,John,Vega,john.vega.344@gmail.com,(359)806-6113
187,Hannah,Williams,hannah.williams.628@outlook.com,457.237.9457x045
188,Eddie,Hayden,eddie.hayden.871@yahoo.com,792-972-3570x7410
189,Daniel,Hunter,daniel.hunter.629@outlook.com,575-273-3019
190,Brett,Valentine,brett.valentine.233@yahoo.com,367.523.0491
191,Isabel,Gibson,isabel.gibson.272@outlook.com,(299)206-4625x164
192,Jenna,Gibson,jenna.gibson.914@yahoo.com,+1-441-671-4642x548
193,Jacob,Downs,jacob.downs.314@yahoo.com,476-855-0073x976
194,Alicia,Brown,alicia.brown.351@outlook.com,438-282-8352
195,Brian,Cardenas,brian.cardenas.785@yahoo.com,001-852-963-1227x3975
196,Dawn,Barrett,dawn.barrett.553@gmail.com,001-639-682-9091
197,Julia,Hawkins,julia.hawkins.462@gmail.com,(246)927-5915
198,Amy,Johnson,amy.johnson.844@yahoo.com,4554625444
199,Ronald,Rivera,ronald.rivera.294@gmail.com,844.746.2276
200,Javier,Clay,javier.clay.090@hotmail.com,+1-824-736-6889x210
201,Dalton,Evans,dalton.evans.962@gmail.com,685.339.9226x1022
202,Jeanette,Sanchez,jeanette.sanchez.195@outlook.com,655-686-2612x38035
203,Wendy,Johnson,wendy.johnson.461@hotmail.com,4076132690
204,Timothy,Brown,timothy.brown.872@hotmail.com,(527)871-5605x024
205,Tyler,Berry,tyler.berry.439@gmail.com,(430)433-5262
206,Megan,Hernandez,megan.hernandez.280@outlook.com,238-481-2672x76294
207,Betty,Nguyen,betty.nguyen.881@gmail.com,(685)842-6718x378
208,Matthew,Diaz,matthew.diaz.557@yahoo.com,+1-806-845-1331x40702
209,Michael,Bowers,michael.bowers.240@hotmail.com,993.413.7718
210,Diana,Miller,diana.miller.299@hotmail.com,307-460-9340x2233
211,Jason,Shaw,jason.shaw.735@yahoo.com,(688)990-1647x3495
212,Diana,Mendez,diana.mendez.892@yahoo.com,001-563-522-3356x7088
213,Jennifer,Hale,jennifer.hale.577@gmail.com,(572)601-4048x828
214,Ashley,Mcclain,ashley.mcclain.829@yahoo.com,823-370-1503
215,Mary,Hernandez,mary.hernandez.596@yahoo.com,(292)626-0100x368
216,Brian,Parker,brian.parker.760@yahoo.com,9947501644
217,Terri,Gutierrez,terri.gutierrez.150@gmail.com,4402626717
218,Elizabeth,Henson,elizabeth.henson.915@yahoo.com,(922)228-1400x38782
219,Laura,Terrell,laura.terrell.156@hotmail.com,(654)276-2254
220,Jennifer,Evans,jennifer.evans.573@gmail.com,(761)711-1754
221,Susan,Jones,susan.jones.210@hotmail.com,001-401-354-2976x22051
222,John,Haas,john.haas.123@yahoo.com,001-293-552-4304x1888
223,Ryan,Davis,ryan.davis.015@yahoo.com,+1-535-802-6920x60837
224,Damon,Tate,damon.tate.445@gmail.com,989.684.0987x21961
225,Rachel,Duncan,rachel.duncan.791@yahoo.com,+1-948-457-5009
226,Michael,Ingram,michael.ingram.986@gmail.com,886.913.3030x75996
227,Rachel,Gray,rachel.gray.276@outlook.com,(943)298-4174x7605
228,Amy,Walker,amy.walker.376@hotmail.com,(533)676-1156
229,Deanna,Escobar,deanna.escobar.234@outlook.com,621-557-8510x09525
230,Cynthia,Rivera,cynthia.rivera.074@hotmail.com,531-873-7660
231,Robert,Hill,robert.hill.957@yahoo.com,001-347-715-2723
232,Kristy,Harrison,kristy.harrison.906@gmail.com,940-426-3156x55537
233,Michelle,Schwartz,michelle.schwartz.107@gmail.com,001-691-709-2769x338
234,Patricia,Roberts,patricia.roberts.231@hotmail.com,753.382.1199x6731
235,Frances,Hartman,frances.hartman.631@gmail.com,(948)422-0780x591
236,Eric,Smith,eric.smith.765@yahoo.com,+1-215-865-4280x017
237,Holly,Wilson,holly.wilson.594@hotmail.com,626.476.7124
238,Caroline,Garcia,caroline.garcia.848@hotmail.com,3396389602
239,Joanne,Robinson,joanne.robinson.873@yahoo.com,(951)380-3847x05513
240,Michael,Campbell,michael.campbell.078@gmail.com,910-250-8902x969
241,Anthony,Hamilton,anthony.hamilton.535@gmail.com,001-321-463-3998x5369
242,Jacqueline,Todd,jacqueline.todd.789@outlook.com,516.255.4440
243,Daniel,Kennedy,daniel.kennedy.115@gmail.com,3555635799
244,William,Lewis,william.lewis.033@outlook.com,(492)496-1983
245,Joseph,Johnson,joseph.johnson.722@yahoo.com,(943)229-7899
246,Brooke,Bates,brooke.bates.960@gmail.com,364.859.9472x0344
247,Juan,Wilson,juan.wilson.703@yahoo.com,858-946-7590
248,Kenneth,Guerrero,kenneth.guerrero.172@yahoo.com,382-785-8282x577
249,Brandon,Bailey,brandon.bailey.824@hotmail.com,(367)791-9915
250,Sean,Mitchell,sean.mitchell.630@gmail.com,(633)539-0969x1199
251,Emily,Riley,emily.riley.250@gmail.com,(377)345-0558x7285
252,Laura,Bowen,laura.bowen.473@hotmail.com,5507451652
253,Cynthia,Rodriguez,cynthia.rodriguez.707@gmail.com,001-844-687-9560x341
254,Jeffrey,Watson,jeffrey.watson.786@yahoo.com,+1-273-455-8512x41939
255,Kara,Griffin,kara.griffin.850@gmail.com,507.335.3942x109
256,Mary,Robbins,mary.robbins.645@yahoo.com,001-793-904-4497x660
257,Brandon,Thomas,brandon.thomas.482@outlook.com,8634956467
258,Gloria,Ortiz,gloria.ortiz.956@gmail.com,+1-880-307-6298x857
259,Michael,Roberson,michael.roberson.921@hotmail.com,914.852.8551x361
260,Charles,Fields,charles.fields.168@yahoo.com,427.317.1895x55631
261,Debra,Sanchez,debra.sanchez.234@outlook.com,671.293.2098
262,Rodney,Perez,rodney.perez.673@outlook.com,(749)487-1777
263,Cynthia,Johnson,cynthia.johnson.660@hotmail.com,286-960-5662
264,Laura,Booth,laura.booth.409@gmail.com,835-847-6582x6686
265,Dean,Huffman,dean.huffman.813@gmail.com,001-957-219-1337x604
266,Matthew,Rollins,matthew.rollins.633@gmail.com,(397)793-0016x1127
267,Andrew,Ramirez,andrew.ramirez.196@gmail.com,831-705-5058x5978
268,Allison,Wright,allison.wright.976@yahoo.com,942.502.8930
269,Cody,Bowman,cody.bowman.778@gmail.com,619-206-0232x807
270,James,Roberts,james.roberts.448@hotmail.com,+1-745-794-2700x4286
271,Brittney,Peterson,brittney.peterson.144@outlook.com,332-660-8330x53465
272,Lisa,Garza,lisa.garza.958@gmail.com,421.503.3267x75585
273,James,Scott,james.scott.196@hotmail.com,(316)331-5955x912
274,Charles,Reynolds,charles.reynolds.675@yahoo.com,001-945-532-3612x44411
275,Kelly,Pennington,kelly.pennington.352@hotmail.com,001-907-985-5312x770
276,Samantha,Campbell,samantha.campbell.896@gmail.com,800-721-0239
277,William,Carter,william.carter.194@yahoo.com,001-764-779-1982x64723
278,Candace,Miller,candace.miller.154@yahoo.com,001-858-466-5575x702
279,Lindsay,Williams,lindsay.williams.107@outlook.com,664-220-8407
280,Adam,Gillespie,adam.gillespie.107@hotmail.com,898.505.7074x80554
281,Jay,Williams,jay.williams.935@gmail.com,001-375-774-3675
282,Stacy,Paul,stacy.paul.544@outlook.com,+1-901-946-9213
283,Brendan,Grant,brendan.grant.699@outlook.com,+1-819-968-3845
284,Tyler,Ellis,tyler.ellis.561@gmail.com,+1-364-984-4009x955
285,William,Ramos,william.ramos.798@gmail.com,(320)780-6312
286,Jeffery,Wilson,jeffery.wilson.145@gmail.com,+1-406-201-0256x192
287,James,Combs,james.combs.038@gmail.com,845.672.6182x544
288,Danny,Bowman,danny.bowman.398@yahoo.com,(656)280-1567x35378
289,Ricky,Brown,ricky.brown.951@outlook.com,(825)539-3058
290,Paige,Horn,paige.horn.032@outlook.com,7834475038
291,Angelica,Brown,angelica.brown.614@hotmail.com,448-978-1494
292,Emma,Dodson,emma.dodson.913@hotmail.com,+1-873-630-2248x7262
293,Samuel,Smith,samuel.smith.361@hotmail.com,6566898719
294,Margaret,Sanders,margaret.sanders.154@hotmail.com,451.391.8282x8143
295,Sara,Robles,sara.robles.788@gmail.com,(738)746-3451
296,Stephen,Hanson,stephen.hanson.190@hotmail.com,993.446.6790x950
297,Todd,Harrison,todd.harrison.980@gmail.com,354-210-2507x72116
298,Brenda,Smith,brenda.smith.306@outlook.com,001-376-739-7317x3409
299,Tiffany,Moore,tiffany.moore.855@gmail.com,(474)743-4433x8850
300,Hunter,Maxwell,hunter.maxwell.229@outlook.com,001-843-726-2534
301,Ashley,Lopez,ashley.lopez.148@gmail.com,868.789.0196
302,Kimberly,Walker,kimberly.walker.710@yahoo.com,832-968-4328
303,Gloria,Miller,gloria.miller.662@hotmail.com,(448)396-2850x22422
304,Donna,Perez,donna.perez.192@outlook.com,+1-211-885-5593x1439
305,Michelle,Rose,michelle.rose.244@outlook.com,001-885-695-7697
306,Kiara,Dickerson,kiara.dickerson.101@hotmail.com,262-385-0096x39390
307,Alan,Briggs,alan.briggs.634@yahoo.com,+1-387-275-8223x05029
308,Amanda,King,amanda.king.253@outlook.com,6499004138
309,Daniel,Dickson,daniel.dickson.103@outlook.com,717.462.6749x479
310,Brian,Hester,brian.hester.726@hotmail.com,(442)700-7325
311,Pamela,Murphy,pamela.murphy.958@hotmail.com,517-936-5512x102
312,Jason,Rogers,jason.rogers.858@hotmail.com,(445)405-3599
313,Charles,Young,charles.young.522@yahoo.com,490.416.6783
314,Monica,Cunningham,monica.cunningham.133@gmail.com,450.501.2871x9880
315,Jeffery,Ayers,jeffery.ayers.755@yahoo.com,338.821.6402
316,Amanda,Chen,amanda.chen.616@hotmail.com,001-406-723-4562x1683
317,Mackenzie,Lewis,mackenzie.lewis.801@gmail.com,456-686-1057
318,Eric,Harris,eric.harris.552@yahoo.com,+1-970-795-8773x31636
319,Janice,Goodwin,janice.goodwin.081@hotmail.com,687-943-0103x019
320,Joshua,Middleton,joshua.middleton.828@hotmail.com,+1-283-913-4015x5539
321,Renee,Vega,renee.vega.160@hotmail.com,(841)461-4652
322,Beth,Jones,beth.jones.808@gmail.com,4133303779
323,James,Brooks,james.brooks.940@outlook.com,001-810-300-6150x87896
324,Michael,Mccarthy,michael.mccarthy.344@gmail.com,346-768-3251
325,Ashley,Herman,ashley.herman.697@hotmail.com,(621)820-1779x73131
326,Susan,Kidd,susan.kidd.494@hotmail.com,(223)496-8656
327,Dalton,Rocha,dalton.rocha.453@yahoo.com,793.764.6291
328,Lauren,Reyes,lauren.reyes.233@outlook.com,902-619-8848x83836
329,Susan,Schwartz,susan.schwartz.022@yahoo.com,+1-395-756-9132x343
330,Samantha,Schmidt,samantha.schmidt.461@gmail.com,(899)729-1320x63712
331,Christopher,Owens,christopher.owens.071@hotmail.com,(303)775-0064x3267
332,Daniel,Garcia,daniel.garcia.763@gmail.com,+1-824-912-8666x8712
333,Linda,Johnson,linda.johnson.397@yahoo.com,001-372-424-5208x638
334,Michelle,Young,michelle.young.492@outlook.com,001-756-603-6062x73163
335,Joshua,Stanton,joshua.stanton.133@gmail.com,+1-592-852-9185x78319
336,Russell,Williamson,russell.williamson.996@hotmail.com,(668)245-3563
337,Michelle,Villegas,michelle.villegas.462@outlook.com,(517)472-1486
338,Michelle,Walker,michelle.walker.971@gmail.com,4924642631
339,Daniel,Gentry,daniel.gentry.926@hotmail.com,822-571-3773
340,Kevin,Lopez,kevin.lopez.589@hotmail.com,+1-344-944-4835x3030
341,Connie,Walker,connie.walker.193@yahoo.com,(588)393-5560
342,Jonathan,Novak,jonathan.novak.277@gmail.com,+1-702-377-9293x15372
343,Katie,Castro,katie.castro.152@outlook.com,5896954283
344,Anthony,Johnson,anthony.johnson.560@gmail.com,5973165161
345,Jason,Acevedo,jason.acevedo.662@hotmail.com,001-893-322-7411
346,Sean,Mclaughlin,sean.mclaughlin.245@gmail.com,5257838820
347,Oscar,Randall,oscar.randall.868@yahoo.com,670.298.2871x292
348,Christine,Conner,christine.conner.496@outlook.com,001-393-672-7621x753
349,Marcus,Davis,marcus.davis.707@gmail.com,700.287.7609x1119
350,Larry,King,larry.king.896@gmail.com,727-523-4277x42856
351,Kenneth,Jensen,kenneth.jensen.957@yahoo.com,001-970-702-7042x706
352,William,Ellis,william.ellis.286@gmail.com,(794)332-5903x6896
353,Melanie,Hartman,melanie.hartman.354@gmail.com,(862)901-0212
354,Michael,Hendricks,michael.hendricks.868@outlook.com,001-526-417-5902x59877
355,Sarah,Jenkins,sarah.jenkins.021@yahoo.com,001-298-842-8612x5276
356,Amanda,Rodriguez,amanda.rodriguez.008@gmail.com,260-507-3467x84750
357,John,Cordova,john.cordova.329@hotmail.com,855-595-2930
358,James,Peters,james.peters.070@gmail.com,001-857-723-7314x18739
359,Timothy,Mcknight,timothy.mcknight.141@gmail.com,+1-228-498-5043x84150
360,Cassandra,Huang,cassandra.huang.616@hotmail.com,+1-217-240-8251x2608
361,Brad,Shah,brad.shah.283@yahoo.com,477.237.9423
362,Sabrina,Jones,sabrina.jones.367@yahoo.com,(977)821-3517
363,Amanda,Sellers,amanda.sellers.737@gmail.com,7732500107
364,Susan,Hughes,susan.hughes.637@yahoo.com,001-629-772-6760x159
365,James,Mendoza,james.mendoza.895@yahoo.com,201.301.6845x5991
366,Mary,Woodward,mary.woodward.262@hotmail.com,2039394767
367,Veronica,Norman,veronica.norman.657@hotmail.com,(613)242-7987x18150
368,Leonard,Gonzalez,leonard.gonzalez.586@outlook.com,(205)485-6837x7130
369,Jamie,Ibarra,jamie.ibarra.221@yahoo.com,001-352-680-5313
370,Tonya,Hebert,tonya.hebert.275@outlook.com,887.384.1467x03678
371,Justin,Daniels,justin.daniels.035@yahoo.com,(695)635-7497x940
372,Johnny,Perez,johnny.perez.201@hotmail.com,472-393-0002
373,Catherine,Harris,catherine.harris.172@yahoo.com,001-601-799-2086x5567
374,Thomas,Collins,thomas.collins.809@outlook.com,618-332-4064
375,Janice,Morrow,janice.morrow.248@outlook.com,667.327.9325x32022
376,Kristen,Reeves,kristen.reeves.298@yahoo.com,855-432-7982
377,Teresa,Castillo,teresa.castillo.861@hotmail.com,8782520560
378,Lindsey,Ferguson,lindsey.ferguson.699@outlook.com,926-968-3728x342
379,Sandra,Villarreal,sandra.villarreal.025@gmail.com,001-286-466-0782x64368
380,Matthew,Davis,matthew.davis.715@yahoo.com,001-266-677-9533x3886
381,Katelyn,Smith,katelyn.smith.091@outlook.com,234.453.9490
382,Kevin,Reynolds,kevin.reynolds.981@hotmail.com,7878456256
383,Gary,Clay,gary.clay.244@outlook.com,+1-489-801-4540x317
384,Darrell,Diaz,darrell.diaz.988@gmail.com,(688)489-4501x73500
385,Dennis,Morales,dennis.morales.489@outlook.com,+1-229-804-3335
386,Felicia,Matthews,felicia.matthews.788@hotmail.com,(248)346-1527
387,Melissa,Patterson,melissa.patterson.888@yahoo.com,(854)218-2967x9566
388,Patty,Huerta,patty.huerta.132@outlook.com,001-759-671-0763x490
389,Troy,Bailey,troy.bailey.921@hotmail.com,(743)540-2111x2595
390,Ian,Jackson,ian.jackson.586@gmail.com,597.585.9257x3444
391,John,Schmidt,john.schmidt.144@gmail.com,934-635-7594x433
392,Kimberly,Houston,kimberly.houston.518@outlook.com,(967)413-5561x4159
393,Andrew,Baker,andrew.baker.793@outlook.com,(689)839-8999x608
394,Tricia,Murray,tricia.murray.001@outlook.com,258-415-6901x4048
395,David,Nixon,david.nixon.935@outlook.com,001-827-558-2276
396,Richard,Phelps,richard.phelps.042@hotmail.com,001-939-510-3054x10369
397,Henry,Walls,henry.walls.549@hotmail.com,(893)631-5990
398,Edward,Gould,edward.gould.938@gmail.com,6579077144
399,Kimberly,Hicks,kimberly.hicks.212@gmail.com,(734)393-0856
400,Wesley,Jones,wesley.jones.093@hotmail.com,554-605-0253
401,Riley,Johnson,riley.johnson.969@gmail.com,+1-935-689-1870
402,Nicholas,Gonzales,nicholas.gonzales.818@hotmail.com,(315)734-0632
403,Mason,Logan,mason.logan.622@outlook.com,+1-862-818-3866x700
404,Debra,Walker,debra.walker.972@outlook.com,570-884-7120
405,Patrick,Thomas,patrick.thomas.073@hotmail.com,451.545.2972x08709
406,Lindsey,Short,lindsey.short.692@gmail.com,954-964-8398x96277
407,Laura,Steele,laura.steele.087@gmail.com,+1-335-667-1154x3562
408,Bianca,Lewis,bianca.lewis.882@outlook.com,251.465.5773
409,Joshua,Welch,joshua.welch.491@yahoo.com,5758512189
410,Anna,Kirk,anna.kirk.750@hotmail.com,001-711-862-2060x37193
411,Patricia,Hull,patricia.hull.421@hotmail.com,001-374-376-9189x94041
412,Justin,Copeland,justin.copeland.590@yahoo.com,+1-860-825-2976x47006
413,Ryan,Peterson,ryan.peterson.861@outlook.com,(340)978-1637x298
414,Thomas,Miller,thomas.miller.792@outlook.com,001-744-332-3169x794
415,Sandra,Rivera,sandra.rivera.380@yahoo.com,940-454-7336x96532
416,Mark,Mendoza,mark.mendoza.423@gmail.com,(390)310-8035x702
417,Melissa,Coleman,melissa.coleman.117@yahoo.com,001-890-632-9393x01200
418,Joseph,Daniels,joseph.daniels.467@gmail.com,834-218-1917x5096
419,Johnathan,King,johnathan.king.582@hotmail.com,307-959-7688x638
420,Michelle,Fleming,michelle.fleming.455@gmail.com,(907)313-4720x78002
421,Samuel,Koch,samuel.koch.738@outlook.com,(981)218-7560
422,Michael,Sanchez,michael.sanchez.767@gmail.com,731.664.6898x568
423,Laura,Howard,laura.howard.839@gmail.com,+1-601-528-8935
424,Erin,Griffith,erin.griffith.116@gmail.com,(623)925-9790x03529
425,Heather,Smith,heather.smith.138@outlook.com,(558)951-7531x83877
426,Anthony,Jennings,anthony.jennings.401@outlook.com,266.482.2314
427,Kristy,Sweeney,kristy.sweeney.807@yahoo.com,456-276-2948x55839
428,Jason,Ayers,jason.ayers.767@outlook.com,627-737-6801x409
429,Mark,Miller,mark.miller.504@hotmail.com,340.862.4816x936
430,Susan,Tran,susan.tran.399@hotmail.com,808.367.2854
431,Julie,Cole,julie.cole.910@outlook.com,001-293-962-1109x51858
432,Patricia,Boyd,patricia.boyd.493@yahoo.com,739-817-4382x549
433,Jose,Wagner,jose.wagner.986@hotmail.com,426-495-1766x533
434,Anthony,Harrison,anthony.harrison.936@yahoo.com,+1-489-777-1106x5619
435,Thomas,Jackson,thomas.jackson.067@hotmail.com,5732830912
436,Crystal,Weiss,crystal.weiss.074@yahoo.com,(707)592-0794x2889
437,April,Miller,april.miller.841@hotmail.com,821-955-9975
438,Shannon,Smith,shannon.smith.355@outlook.com,553-213-0516
439,Patricia,Walls,patricia.walls.824@hotmail.com,616.644.6656x595
440,Cynthia,Barnes,cynthia.barnes.269@yahoo.com,797.697.0361x6678
441,Gina,Erickson,gina.erickson.487@hotmail.com,(912)326-1432x28537
442,Holly,Calhoun,holly.calhoun.543@outlook.com,289-401-6839x3016
443,Alfred,Long,alfred.long.706@outlook.com,328-476-6559x35502
444,Ellen,Pena,ellen.pena.958@hotmail.com,226-494-9376x8956
445,Amy,Ross,amy.ross.206@gmail.com,900-590-5045x911
446,Christian,Collins,christian.collins.844@gmail.com,+1-645-907-3882x2762
447,Lynn,Stephenson,lynn.stephenson.405@hotmail.com,+1-971-597-6310x6937
448,Kelsey,Moss,kelsey.moss.153@hotmail.com,441-808-9123x6735
449,Austin,Jackson,austin.jackson.237@hotmail.com,(872)577-9082
450,Joshua,Diaz,joshua.diaz.594@yahoo.com,(696)389-0638x7797
451,Michelle,Parks,michelle.parks.233@outlook.com,390-351-4505x92762
452,Joel,Wells,joel.wells.509@gmail.com,304.613.0134x5753
453,Vincent,Scott,vincent.scott.995@hotmail.com,+1-709-929-8970x77270
454,Isaiah,Vasquez,isaiah.vasquez.092@yahoo.com,+1-499-988-5728x30498
455,Ashley,Brandt,ashley.brandt.815@yahoo.com,280-990-7786x681
456,Erin,Ryan,erin.ryan.332@outlook.com,667.882.1451
457,Jake,Burton,jake.burton.588@gmail.com,794.748.2065
458,Travis,Peterson,travis.peterson.337@hotmail.com,511-334-7309
459,Melissa,Miller,melissa.miller.643@hotmail.com,+1-325-917-5873x5673
460,Frank,Lin,frank.lin.358@gmail.com,271-497-2904
461,Kevin,Munoz,kevin.munoz.622@hotmail.com,3745573445
462,Lawrence,Smith,lawrence.smith.617@yahoo.com,7575474624
463,Lonnie,Chambers,lonnie.chambers.536@gmail.com,858-223-1354x1566
464,Michael,Summers,michael.summers.659@yahoo.com,+1-915-268-9333
465,David,Rodriguez,david.rodriguez.566@yahoo.com,477-533-1484
466,Jamie,Munoz,jamie.munoz.689@hotmail.com,900-257-9682
467,Mark,Bridges,mark.bridges.302@hotmail.com,+1-273-741-4417
468,Joseph,Hughes,joseph.hughes.706@yahoo.com,001-493-696-8581x59938
469,Robert,Reynolds,robert.reynolds.384@hotmail.com,001-649-635-0614
470,William,Huff,william.huff.772@gmail.com,+1-776-681-9193x614
471,Kathleen,Henry,kathleen.henry.759@hotmail.com,657.840.2956
472,Allen,Carr,allen.carr.554@hotmail.com,+1-591-529-6035x1813
473,Brandon,Parker,brandon.parker.854@gmail.com,709-612-1522
474,Jennifer,Brown,jennifer.brown.538@yahoo.com,789-370-0953x397
475,Patrick,Gray,patrick.gray.946@gmail.com,3366687003
476,Shelly,Christensen,shelly.christensen.899@yahoo.com,001-624-766-1337x8681
477,Dylan,Wright,dylan.wright.960@outlook.com,(452)945-9300
478,John,Dillon,john.dillon.045@hotmail.com,4407526932
479,Jeff,Phillips,jeff.phillips.007@gmail.com,(442)646-3606
480,Richard,Perez,richard.perez.032@gmail.com,(389)215-1350
481,Kristy,Jones,kristy.jones.819@yahoo.com,643.811.5613
482,Kenneth,Brown,kenneth.brown.791@yahoo.com,001-723-542-6474x5222
483,Clayton,Wyatt,clayton.wyatt.169@gmail.com,(502)921-9977x1527
484,Erin,Chen,erin.chen.899@yahoo.com,689.949.1646x5685
485,Aaron,Mayer,aaron.mayer.844@outlook.com,424-855-2107x986
486,Janice,Wilson,janice.wilson.166@gmail.com,(245)665-4297x7372
487,Erika,Peters,erika.peters.318@gmail.com,(310)696-5677x4476
488,Tara,Fernandez,tara.fernandez.548@yahoo.com,510.204.7873x98052
489,Jennifer,Palmer,jennifer.palmer.108@gmail.com,991.279.4514x44623
490,Sharon,Klein,sharon.klein.656@outlook.com,(234)258-3674
491,Ashlee,Fields,ashlee.fields.327@hotmail.com,+1-726-533-8921x002
492,Teresa,Hansen,teresa.hansen.075@outlook.com,+1-688-677-4757x7825
493,Alexander,Fleming,alexander.fleming.678@hotmail.com,7294089145
494,Brent,Strong,brent.strong.511@hotmail.com,793.548.2090x3414
495,Danny,Hill,danny.hill.778@outlook.com,266.810.8466x147
496,Natalie,Hickman,natalie.hickman.068@outlook.com,001-678-278-8181
497,Brian,Lewis,brian.lewis.426@yahoo.com,869.758.5240x022
498,Frances,Hines,frances.hines.727@hotmail.com,8607814975
499,Natalie,Williams,natalie.williams.351@outlook.com,001-206-220-8638x589
500,Alexis,Massey,alexis.massey.603@gmail.com,5092024524
501,Sean,Young,sean.young.384@yahoo.com,(502)527-3722x72191
502,Jason,Hayes,jason.hayes.680@hotmail.com,3827390035
503,Seth,White,seth.white.419@outlook.com,+1-584-465-6188
504,Margaret,Jones,margaret.jones.724@outlook.com,001-350-398-6607x51569
505,Wayne,Dougherty,wayne.dougherty.341@outlook.com,(457)853-3622
506,Jake,Rogers,jake.rogers.208@hotmail.com,422-578-7273
507,Ashley,Cruz,ashley.cruz.692@yahoo.com,001-809-414-5768x73685
508,Alyssa,Moore,alyssa.moore.623@outlook.com,775.636.2741x33868
509,Ashley,Cross,ashley.cross.456@gmail.com,716-485-6998
510,Michael,Murray,michael.murray.740@hotmail.com,+1-654-460-9071x082
511,Christopher,Jones,christopher.jones.410@outlook.com,639-799-3164x17803
512,Susan,Ward,susan.ward.978@outlook.com,(203)350-1308
513,Sean,Cochran,sean.cochran.148@hotmail.com,916.504.4905x364
514,Daniel,Wilson,daniel.wilson.633@outlook.com,(789)205-5173x449
515,Matthew,Morse,matthew.morse.533@hotmail.com,+1-627-855-2649x1381
516,Lisa,Anderson,lisa.anderson.798@hotmail.com,001-612-593-6274x0373
517,Scott,Mcdonald,scott.mcdonald.166@hotmail.com,+1-891-342-9706x4362
518,Karen,Robinson,karen.robinson.947@yahoo.com,398.373.2446x89224
519,Kayla,Lam,kayla.lam.557@gmail.com,+1-990-240-4275x1960
520,Andrew,Becker,andrew.becker.710@yahoo.com,001-671-668-8596
521,Daniel,Brown,daniel.brown.937@hotmail.com,3472571639
522,Paul,Fowler,paul.fowler.080@gmail.com,001-599-295-6342x8072
523,Erin,Lopez,erin.lopez.356@hotmail.com,+1-788-270-2522x63018
524,Kelly,Baird,kelly.baird.147@yahoo.com,+1-649-495-2525x934
525,Tonya,Johnson,tonya.johnson.347@gmail.com,+1-497-813-6632x466
526,Timothy,Wilson,timothy.wilson.958@yahoo.com,488.980.3259x6963
527,Alexander,Moreno,alexander.moreno.904@gmail.com,001-783-701-8130x76315
528,Marissa,Young,marissa.young.077@yahoo.com,(252)608-9057x10479
529,Sheena,Martin,sheena.martin.154@yahoo.com,989-874-7408x9011
530,Timothy,Butler,timothy.butler.514@gmail.com,3453708216
531,James,Miller,james.miller.227@outlook.com,(832)393-9987
532,Sandra,Morrison,sandra.morrison.469@hotmail.com,946-539-3455
533,Jack,Bush,jack.bush.140@yahoo.com,(758)843-1773
534,Stacy,Newton,stacy.newton.542@hotmail.com,940-376-5616
535,William,Warner,william.warner.168@hotmail.com,+1-853-461-2776
536,Samantha,Jones,samantha.jones.322@yahoo.com,354.846.6394x21588
537,Thomas,Morrison,thomas.morrison.646@hotmail.com,001-419-551-3998x09298
538,Natalie,Dixon,natalie.dixon.778@gmail.com,+1-324-989-0165
539,William,Stanton,william.stanton.566@outlook.com,522.623.2034x905
540,Jason,Roberts,jason.roberts.133@hotmail.com,001-286-661-7774
541,Christopher,Boyer,christopher.boyer.915@yahoo.com,001-499-840-9170x34814
542,Janet,Moreno,janet.moreno.762@outlook.com,(811)390-1340x29289
543,Rebecca,Saunders,rebecca.saunders.976@hotmail.com,6475842641
544,Shelly,Price,shelly.price.669@gmail.com,001-383-880-7698x887
545,Brian,Scott,brian.scott.344@outlook.com,7638910026
546,Aaron,Jones,aaron.jones.154@gmail.com,5165216086
547,Patricia,Torres,patricia.torres.939@hotmail.com,+1-860-331-1662
548,Darin,Clements,darin.clements.792@outlook.com,001-418-896-7200x8092
549,Jeremy,Evans,jeremy.evans.727@gmail.com,329-788-9302x720
550,Patricia,Martin,patricia.martin.250@outlook.com,8637556735
551,Michelle,Foster,michelle.foster.154@gmail.com,(563)661-9790
552,Michelle,Herrera,michelle.herrera.719@yahoo.com,+1-848-485-1988x4011
553,Karen,Jackson,karen.jackson.048@gmail.com,001-498-935-8479x7909
554,Andrea,Durham,andrea.durham.572@outlook.com,+1-940-653-7803x300
555,Crystal,Velasquez,crystal.velasquez.654@hotmail.com,8388333811
556,Christine,Reed,christine.reed.093@yahoo.com,001-398-366-0823x1586
557,Deborah,Johnson,deborah.johnson.246@gmail.com,+1-560-974-2553x9707
558,Paige,Bryant,paige.bryant.509@yahoo.com,6464137748
559,Gary,Williams,gary.williams.458@outlook.com,(769)252-7751
560,Scott,Jacobs,scott.jacobs.367@hotmail.com,851-474-3661x81862
561,Trevor,Schultz,trevor.schultz.763@yahoo.com,+1-790-225-4993x0656
562,Michael,Moreno,michael.moreno.420@hotmail.com,001-528-446-2459x814
563,Joseph,Johnson,joseph.johnson.340@hotmail.com,541.443.9427x6159
564,Lindsay,Robinson,lindsay.robinson.027@gmail.com,908-231-0789x971
565,Kristen,Lloyd,kristen.lloyd.383@hotmail.com,+1-931-759-9755x68084
566,Sonya,Fernandez,sonya.fernandez.067@outlook.com,5102985388
567,Patrick,Compton,patrick.compton.090@yahoo.com,(340)352-6678x86225
568,Alexandra,Cruz,alexandra.cruz.434@hotmail.com,913-901-4411
569,Timothy,Long,timothy.long.788@hotmail.com,(700)445-4003x9062
570,Alexandra,Thomas,alexandra.thomas.506@hotmail.com,+1-533-381-1486x981
571,Craig,Thomas,craig.thomas.092@yahoo.com,687-517-0053x291
572,Benjamin,Johnson,benjamin.johnson.100@gmail.com,700-874-4715x743
573,Jennifer,Mays,jennifer.mays.427@hotmail.com,507-802-3099
574,Corey,Burke,corey.burke.405@hotmail.com,6428042085
575,Gregory,Bryant,gregory.bryant.436@yahoo.com,5255128576
576,Larry,Oconnor,larry.oconnor.073@hotmail.com,(396)458-1682
577,Matthew,Bell,matthew.bell.278@gmail.com,294.328.8782x13512
578,Dylan,Bowen,dylan.bowen.585@hotmail.com,+1-350-771-2139
579,Gregory,Ingram,gregory.ingram.514@gmail.com,398.449.0137x891
580,Dorothy,Martinez,dorothy.martinez.801@hotmail.com,(467)929-2011x135
581,Natalie,Martinez,natalie.martinez.780@gmail.com,001-664-219-0408x8196
582,Derek,Garcia,derek.garcia.712@gmail.com,482.461.5959
583,Adrian,Shea,adrian.shea.391@gmail.com,(398)969-4970x13682
584,Jason,Thomas,jason.thomas.980@gmail.com,(469)622-6401
585,Amanda,Wilson,amanda.wilson.138@gmail.com,(685)310-6375
586,Jessica,Alexander,jessica.alexander.483@yahoo.com,413-995-2854x304
587,Julie,Weiss,julie.weiss.989@outlook.com,336-685-8982x801
588,Cody,Shaffer,cody.shaffer.299@outlook.com,+1-573-473-6667x688
589,Paul,Duke,paul.duke.711@outlook.com,842.353.3614
590,Stacy,Irwin,stacy.irwin.783@gmail.com,(395)875-2871x5435
591,Paula,Hunter,paula.hunter.079@yahoo.com,(597)547-9788
592,Randy,Howard,randy.howard.636@outlook.com,826-392-7499x2125
593,Martin,Miller,martin.miller.436@outlook.com,001-739-988-8017x3743
594,Tara,Savage,tara.savage.821@gmail.com,(965)530-6582x3892
595,Sandra,Schultz,sandra.schultz.507@outlook.com,4658886988
596,Andrew,Shaffer,andrew.shaffer.472@gmail.com,369-764-6945
597,Lynn,Reyes,lynn.reyes.219@hotmail.com,+1-934-862-5826
598,Nancy,Briggs,nancy.briggs.968@yahoo.com,552-622-7224x536
599,Julia,Lara,julia.lara.426@hotmail.com,001-395-938-6305x13435
600,Michael,Montgomery,michael.montgomery.642@outlook.com,+1-561-747-2790x8495
601,Michael,Finley,michael.finley.960@hotmail.com,001-664-254-0490
602,Justin,Woodward,justin.woodward.601@outlook.com,001-940-970-1431x70752
603,David,Evans,david.evans.963@outlook.com,281-659-2560x056
604,Anna,Gutierrez,anna.gutierrez.119@yahoo.com,(593)402-4289
605,Melanie,Olsen,melanie.olsen.481@gmail.com,(770)762-8875
606,Troy,Griffin,troy.griffin.303@yahoo.com,305-691-5830x791
607,Todd,Delacruz,todd.delacruz.228@yahoo.com,331.681.8614
608,Rachel,Schultz,rachel.schultz.435@outlook.com,001-542-303-8693
609,Brett,Moore,brett.moore.179@outlook.com,700-278-3452x46214
610,Brian,Berry,brian.berry.591@hotmail.com,(632)217-6680
611,Victoria,Mcdonald,victoria.mcdonald.243@hotmail.com,+1-235-618-1327x29403
612,Jerry,Wolf,jerry.wolf.343@hotmail.com,(777)850-3024
613,Michael,Stephens,michael.stephens.970@hotmail.com,001-262-287-6059
614,Patricia,Mueller,patricia.mueller.620@yahoo.com,(677)224-0217
615,Margaret,Campbell,margaret.campbell.521@hotmail.com,001-273-433-9598x9225
616,James,Jackson,james.jackson.388@gmail.com,637.621.8770x22485
617,Shawn,Ramirez,shawn.ramirez.823@outlook.com,001-371-650-7134x9098
618,Andres,Rodriguez,andres.rodriguez.605@yahoo.com,4798195543
619,Ann,Baxter,ann.baxter.538@hotmail.com,220.980.2779x8134
620,Antonio,Zhang,antonio.zhang.859@outlook.com,001-329-642-9844x2448
621,Angela,Ashley,angela.ashley.494@yahoo.com,001-675-472-8969
622,Teresa,Clark,teresa.clark.571@outlook.com,001-733-820-0433x04127
623,Anita,Jennings,anita.jennings.057@hotmail.com,001-695-476-6524x062
624,Brad,Cline,brad.cline.577@yahoo.com,+1-678-308-0682x149
625,Justin,Parker,justin.parker.647@hotmail.com,568-523-9229
626,Thomas,Reynolds,thomas.reynolds.064@outlook.com,883.678.3851
627,Lisa,Rivera,lisa.rivera.046@yahoo.com,001-976-701-5085x7682
628,Taylor,Perry,taylor.perry.411@outlook.com,956-204-2683
629,Gavin,Ferguson,gavin.ferguson.067@yahoo.com,+1-967-802-6723x6391
630,George,Parker,george.parker.797@yahoo.com,540-935-9702x567
631,Courtney,Brown,courtney.brown.987@hotmail.com,546.643.3522
632,Kathleen,Allen,kathleen.allen.996@yahoo.com,550.230.4595x037
633,Nancy,Gomez,nancy.gomez.324@gmail.com,478.350.5758
634,Todd,Jordan,todd.jordan.371@hotmail.com,+1-484-709-3957x98451
635,Brian,Lucero,brian.lucero.285@gmail.com,+1-645-234-5747x7305
636,Russell,Cooper,russell.cooper.267@gmail.com,926-866-1717x131
637,Andrew,Roach,andrew.roach.142@gmail.com,8184358656
638,Todd,Jones,todd.jones.273@gmail.com,+1-979-396-6894x34878
639,Justin,Murphy,justin.murphy.231@yahoo.com,(457)592-7686
640,Paul,Castro,paul.castro.040@hotmail.com,912.560.8523
641,David,Reynolds,david.reynolds.247@gmail.com,926.932.5645
642,Dustin,Collins,dustin.collins.835@hotmail.com,+1-973-302-7688x835
643,Elizabeth,Long,elizabeth.long.385@yahoo.com,742-942-8077
644,Abigail,Vaughn,abigail.vaughn.095@gmail.com,400.262.4629x701
645,Taylor,Dawson,taylor.dawson.617@yahoo.com,458.606.2193
646,Nicole,Moore,nicole.moore.295@gmail.com,5657750170
647,Daniel,Hill,daniel.hill.286@outlook.com,(415)319-5663x76497
648,Stephanie,Young,stephanie.young.356@gmail.com,(727)824-0745x08843
649,Emily,Johnson,emily.johnson.087@gmail.com,857-917-6574
650,Gabrielle,Glenn,gabrielle.glenn.729@hotmail.com,(402)954-0876x9720
651,Jennifer,Rodriguez,jennifer.rodriguez.497@gmail.com,(627)214-7268x69934
652,Benjamin,Perry,benjamin.perry.523@yahoo.com,001-734-639-7689
653,Christopher,Mullen,christopher.mullen.893@hotmail.com,(427)388-1689x222
654,Michael,Hamilton,michael.hamilton.048@hotmail.com,3137866683
655,Laura,Long,laura.long.656@gmail.com,836.562.7920x370
656,Amanda,Ibarra,amanda.ibarra.221@gmail.com,+1-469-208-6384x017
657,Samantha,Hooper,samantha.hooper.083@hotmail.com,+1-687-801-5772x035
658,Lori,Hahn,lori.hahn.254@outlook.com,001-353-951-8732x12673
659,Kenneth,Ruiz,kenneth.ruiz.428@hotmail.com,388.428.9202x7561
660,Destiny,Mora,destiny.mora.052@outlook.com,919.432.5542x66574
661,Larry,Lowe,larry.lowe.905@outlook.com,(668)673-1439x823
662,Justin,Ramirez,justin.ramirez.424@yahoo.com,5268319138
663,Renee,Allen,renee.allen.951@gmail.com,875.527.3502x23722
664,Kelly,Harris,kelly.harris.467@yahoo.com,001-392-543-1772x129
665,Eric,Perkins,eric.perkins.548@yahoo.com,9326526381
666,Laura,Cross,laura.cross.816@gmail.com,624-920-4590x69036
667,Maria,Keller,maria.keller.775@gmail.com,+1-771-356-4935x483
668,Lindsay,Solis,lindsay.solis.839@hotmail.com,+1-855-656-3944
669,William,Burke,william.burke.178@yahoo.com,(594)283-0166
670,Gregory,Roberts,gregory.roberts.834@hotmail.com,(593)873-6704x7103
671,Danielle,Gibson,danielle.gibson.293@yahoo.com,726-991-4240x881
672,Krystal,Church,krystal.church.778@hotmail.com,229-460-6855x597
673,Elizabeth,Garcia,elizabeth.garcia.333@outlook.com,001-333-389-1350x072
674,Nicole,Kim,nicole.kim.362@gmail.com,739-871-9017
675,Drew,Jones,drew.jones.029@outlook.com,697-748-3243x892
676,Francisco,Simpson,francisco.simpson.805@outlook.com,+1-444-897-8860x91915
677,Mark,Landry,mark.landry.017@gmail.com,001-842-904-4316x2533
678,Jennifer,White,jennifer.white.085@gmail.com,+1-442-421-9091
679,Tyler,Cisneros,tyler.cisneros.494@hotmail.com,001-934-402-2311x5609
680,Laurie,Beck,laurie.beck.803@outlook.com,(966)285-1630
681,Anthony,Henderson,anthony.henderson.686@yahoo.com,9649969452
682,Krystal,Huang,krystal.huang.167@yahoo.com,828-222-4242
683,Miranda,Stewart,miranda.stewart.051@outlook.com,616-602-0310x44608
684,Emily,Wilson,emily.wilson.163@gmail.com,806-758-8435x5214
685,Kimberly,Silva,kimberly.silva.435@gmail.com,+1-605-493-5649
686,Joseph,Phillips,joseph.phillips.770@outlook.com,001-792-325-8058x8754
687,Stanley,Castillo,stanley.castillo.691@gmail.com,+1-418-779-1715x72039
688,Benjamin,Ramirez,benjamin.ramirez.028@gmail.com,627-273-3194
689,Kyle,Riddle,kyle.riddle.339@hotmail.com,(593)491-8753
690,Sarah,Thomas,sarah.thomas.654@yahoo.com,904-687-2032
691,Sharon,Hall,sharon.hall.600@outlook.com,(601)503-3895x24814
692,Jaime,Lowery,jaime.lowery.441@hotmail.com,9679924264
693,Margaret,Rice,margaret.rice.963@outlook.com,997-612-4233x30443
694,Donald,Walton,donald.walton.773@yahoo.com,647.221.2990x3992
695,Jennifer,Atkins,jennifer.atkins.054@outlook.com,(885)445-7213x117
696,Toni,Edwards,toni.edwards.562@hotmail.com,(311)620-5431
697,Stacy,Velasquez,stacy.velasquez.353@outlook.com,001-302-360-6991
698,Michael,Ramirez,michael.ramirez.521@gmail.com,+1-445-693-5086x2608
699,Kaitlyn,Braun,kaitlyn.braun.799@hotmail.com,001-556-257-0695
700,Cindy,Hill,cindy.hill.438@hotmail.com,+1-424-348-4974x073
701,Savannah,Lewis,savannah.lewis.160@gmail.com,(405)879-5225x927
702,Toni,Charles,toni.charles.461@yahoo.com,280.978.2249
703,Teresa,Barnett,teresa.barnett.541@yahoo.com,370.595.7736
704,Robert,Obrien,robert.obrien.501@yahoo.com,(308)576-3897x7194
705,Stephanie,Brown,stephanie.brown.819@hotmail.com,519.855.4679x49606
706,Anita,Fowler,anita.fowler.042@outlook.com,743-943-2854
707,Monique,Welch,monique.welch.032@outlook.com,(650)682-1504
708,April,Banks,april.banks.076@yahoo.com,4624402056
709,Tyler,Cooper,tyler.cooper.257@hotmail.com,692.697.4493
710,Regina,Richards,regina.richards.699@gmail.com,478-951-8305x7038
711,Teresa,Estrada,teresa.estrada.095@hotmail.com,+1-906-648-4436
712,Peggy,Nelson,peggy.nelson.523@outlook.com,001-883-929-5105
713,Janice,Burton,janice.burton.201@hotmail.com,765.212.2136x910
714,Carla,Mcgee,carla.mcgee.490@gmail.com,(879)990-4117x0005
715,Michael,Ross,michael.ross.672@yahoo.com,6489691745
716,Marisa,Lamb,marisa.lamb.155@gmail.com,743-236-1548
717,Stacy,Walker,stacy.walker.211@outlook.com,(475)886-9970x466
718,Shelby,Franco,shelby.franco.346@gmail.com,623-248-8171x32175
719,Cynthia,Dodson,cynthia.dodson.163@yahoo.com,259.207.5791x854
720,Sharon,Singh,sharon.singh.799@hotmail.com,001-301-454-0622
721,Brooke,Smith,brooke.smith.577@gmail.com,723.377.6218x76787
722,Virginia,Hill,virginia.hill.313@outlook.com,001-331-789-4923
723,Joseph,Baker,joseph.baker.088@gmail.com,9774723918
724,Jose,Sutton,jose.sutton.034@gmail.com,001-235-620-6480x63846
725,Edwin,Hudson,edwin.hudson.987@yahoo.com,001-380-792-7631x9511
726,Steven,Brown,steven.brown.300@hotmail.com,(550)997-2363x85127
727,Joshua,Anderson,joshua.anderson.984@gmail.com,449.385.7721x22255
728,Dustin,Cummings,dustin.cummings.517@gmail.com,+1-727-913-0709x7830
729,Julian,Sanchez,julian.sanchez.216@gmail.com,+1-522-837-4750
730,Ricardo,Decker,ricardo.decker.887@outlook.com,+1-638-385-8007
731,Lisa,Bennett,lisa.bennett.442@yahoo.com,(408)240-7311
732,Jennifer,Bauer,jennifer.bauer.398@yahoo.com,001-955-403-3025x633
733,Henry,Jones,henry.jones.119@hotmail.com,838-607-2079
734,Jimmy,Paul,jimmy.paul.539@yahoo.com,673-402-7414x654
735,Danielle,Foster,danielle.foster.269@yahoo.com,(491)284-6554
736,Richard,Mccormick,richard.mccormick.688@gmail.com,3113614009
737,Victoria,Graves,victoria.graves.578@hotmail.com,(588)999-5609
738,Courtney,Wilson,courtney.wilson.063@gmail.com,606-726-2848
739,Deanna,Riley,deanna.riley.765@gmail.com,901-241-3779x59759
740,John,Price,john.price.273@hotmail.com,+1-791-765-8413x105
741,Rita,Smith,rita.smith.228@yahoo.com,372.871.8162
742,Michele,Stewart,michele.stewart.934@yahoo.com,(713)356-8964x5361
743,Brent,Zimmerman,brent.zimmerman.705@gmail.com,636.517.5428
744,Regina,Perkins,regina.perkins.286@outlook.com,8116458960
745,Greg,Vang,greg.vang.234@outlook.com,(481)949-0074x70494
746,Gabriel,Baker,gabriel.baker.624@yahoo.com,878-905-0421
747,Jessica,Horton,jessica.horton.100@yahoo.com,2467746313
748,Eric,Hampton,eric.hampton.317@gmail.com,(745)354-4293x06124
749,Dylan,Carson,dylan.carson.821@yahoo.com,305-289-5886x77401
750,Julia,Cooper,julia.cooper.157@yahoo.com,351-250-5798x8556
751,Laura,Flores,laura.flores.869@outlook.com,001-524-357-3414x8814
752,Sean,Thompson,sean.thompson.482@yahoo.com,001-525-204-1381x2597
753,Glenn,Harmon,glenn.harmon.459@yahoo.com,631-441-7552
754,Thomas,Paul,thomas.paul.848@hotmail.com,+1-637-766-2979x201
755,Bryan,Jarvis,bryan.jarvis.558@yahoo.com,+1-732-222-1918x25860
756,Gregory,Randall,gregory.randall.610@yahoo.com,001-921-886-6707
757,Marie,Wright,marie.wright.268@yahoo.com,001-518-642-2467x20793
758,Brittany,Ewing,brittany.ewing.620@outlook.com,759-376-9945x20628
759,Paula,Vazquez,paula.vazquez.583@outlook.com,001-852-298-6023x574
760,James,Jones,james.jones.533@outlook.com,806.596.0418x74034
761,John,Thompson,john.thompson.354@hotmail.com,468-736-8167
762,Sophia,Blackwell,sophia.blackwell.205@hotmail.com,+1-958-892-2787x81582
763,Tracey,Morgan,tracey.morgan.302@yahoo.com,296-484-6406x3822
764,Daniel,Villa,daniel.villa.255@yahoo.com,(593)280-5203x30104
765,Stacey,Drake,stacey.drake.408@outlook.com,993.508.9189
766,Alexis,Williams,alexis.williams.387@yahoo.com,001-360-880-3877x7598
767,Rose,Williams,rose.williams.873@gmail.com,760-853-4473
768,Eric,Diaz,eric.diaz.373@outlook.com,001-308-771-6509x834
769,Lisa,Rodriguez,lisa.rodriguez.632@yahoo.com,+1-361-665-8209x3583
770,Patrick,Mann,patrick.mann.956@outlook.com,7692139199
771,Jamie,Harper,jamie.harper.446@outlook.com,740.646.1506
772,Joseph,Turner,joseph.turner.638@gmail.com,607.809.3289x952
773,Kayla,Perry,kayla.perry.778@outlook.com,001-528-621-4531x9344
774,Kenneth,Ortiz,kenneth.ortiz.813@yahoo.com,+1-491-512-5212
775,Ashley,Rogers,ashley.rogers.575@hotmail.com,439-776-2965
776,Joshua,Williams,joshua.williams.715@outlook.com,359-504-6468x50133
777,Antonio,Schmidt,antonio.schmidt.196@yahoo.com,(550)404-8682x97286
778,Melissa,Wallace,melissa.wallace.258@gmail.com,712.611.4780x760
779,Brandon,Abbott,brandon.abbott.765@hotmail.com,+1-482-498-7094x1605
780,Faith,Owens,faith.owens.062@hotmail.com,(468)736-4956
781,Danny,Gutierrez,danny.gutierrez.669@yahoo.com,958-572-5552x19945
782,Valerie,Johnson,valerie.johnson.431@gmail.com,892.598.3530x28745
783,Ricky,Lee,ricky.lee.100@hotmail.com,+1-738-202-0214
784,Daniel,Carr,daniel.carr.477@hotmail.com,249-808-3278x381
785,Emily,Smith,emily.smith.154@yahoo.com,001-882-491-0144x1479
786,Yolanda,Alexander,yolanda.alexander.701@yahoo.com,+1-937-747-9331x739
787,Angela,Howell,angela.howell.557@yahoo.com,+1-621-235-4556x0910
788,Dakota,Stevenson,dakota.stevenson.779@gmail.com,(796)538-7713
789,Patricia,Nelson,patricia.nelson.279@gmail.com,001-567-472-1492x697
790,Tammy,Torres,tammy.torres.521@hotmail.com,454.887.9378x3831
791,Robert,Williams,robert.williams.656@gmail.com,001-374-859-6062
792,Rachel,Franco,rachel.franco.439@hotmail.com,001-778-796-0112x49496
793,Michael,Diaz,michael.diaz.328@gmail.com,641.718.4454x3851
794,Jonathan,Beck,jonathan.beck.447@yahoo.com,(269)891-4894
795,Nancy,Pham,nancy.pham.489@gmail.com,(679)640-0148
796,Daniel,Patrick,daniel.patrick.860@outlook.com,265-324-4724
797,Matthew,Taylor,matthew.taylor.871@yahoo.com,597-612-2528x4620
798,Teresa,White,teresa.white.636@hotmail.com,(642)475-1517
799,Karen,Becker,karen.becker.693@outlook.com,597-855-4164
800,Eric,Johnson,eric.johnson.235@yahoo.com,2855791748
801,Susan,Lee,susan.lee.029@outlook.com,603.451.8867
802,Amanda,Mccormick,amanda.mccormick.586@yahoo.com,+1-573-309-7885x8165
803,Theresa,Kramer,theresa.kramer.392@yahoo.com,(346)202-2994x460
804,Nathan,Martinez,nathan.martinez.355@yahoo.com,810-919-2465x3363
805,Stephanie,Robinson,stephanie.robinson.949@outlook.com,001-874-315-2817
806,Daniel,Vargas,daniel.vargas.216@yahoo.com,(590)685-3637x2841
807,Caitlin,Edwards,caitlin.edwards.617@yahoo.com,(746)819-6932
808,Christopher,George,christopher.george.864@outlook.com,001-992-969-9924x39647
809,Charles,Kirby,charles.kirby.132@gmail.com,6992202607
810,Susan,Lane,susan.lane.477@gmail.com,792.321.4644
811,Steven,Mccullough,steven.mccullough.961@gmail.com,942-276-4322
812,Joseph,Dickson,joseph.dickson.858@gmail.com,4137835418
813,April,Todd,april.todd.560@gmail.com,(850)862-3017x597
814,Albert,Kirk,albert.kirk.156@gmail.com,(381)691-5392x652
815,Christina,Freeman,christina.freeman.821@outlook.com,513.216.2610x1800
816,Maria,Richardson,maria.richardson.460@hotmail.com,788-820-2272
817,Ashley,Hood,ashley.hood.697@gmail.com,304.237.4271x3898
818,Shawn,Spencer,shawn.spencer.912@gmail.com,801.564.6408
819,Zachary,Jones,zachary.jones.256@yahoo.com,8494581423
820,Melissa,Carroll,melissa.carroll.348@gmail.com,3785966503
821,Randall,Bird,randall.bird.016@hotmail.com,3967548704
822,Joel,White,joel.white.154@yahoo.com,+1-216-478-3253x6546
823,Christina,Davis,christina.davis.810@gmail.com,4052571983
824,Brandon,Baker,brandon.baker.609@hotmail.com,6892035744
825,Patricia,Chandler,patricia.chandler.863@yahoo.com,215.233.4937
826,Troy,Ross,troy.ross.089@gmail.com,872-732-9209
827,Mitchell,Davis,mitchell.davis.559@gmail.com,(576)726-4082x75465
828,Rebecca,Wright,rebecca.wright.495@hotmail.com,+1-235-473-7537x600
829,Gregory,Martinez,gregory.martinez.654@outlook.com,255.303.9714x257
830,Megan,Bush,megan.bush.874@outlook.com,001-762-518-4865x33744
831,George,Valdez,george.valdez.016@yahoo.com,927.743.0353x925
832,Dale,Shepherd,dale.shepherd.782@yahoo.com,(472)396-6612x83458
833,Billy,West,billy.west.598@hotmail.com,850.801.3128x97286
834,Tracy,Stewart,tracy.stewart.152@hotmail.com,001-577-334-3315
835,Christina,Patel,christina.patel.702@outlook.com,947-956-0575
836,Tina,Delgado,tina.delgado.505@yahoo.com,815-609-9336
837,Robert,Brown,robert.brown.521@outlook.com,(726)289-5357x31083
838,Jerry,Bennett,jerry.bennett.909@outlook.com,001-456-748-6205x24043
839,John,Holmes,john.holmes.497@gmail.com,869.579.2220
840,Scott,Jordan,scott.jordan.825@yahoo.com,(964)573-3697x2938
841,Nina,Davis,nina.davis.586@gmail.com,(788)669-9418
842,Dylan,Jones,dylan.jones.417@hotmail.com,3577288308
843,Michael,Garcia,michael.garcia.079@yahoo.com,(815)730-3564x62495
844,Jennifer,Schultz,jennifer.schultz.203@outlook.com,(555)351-9101x2703
845,Mark,Richardson,mark.richardson.628@gmail.com,(746)862-3225
846,John,Robertson,john.robertson.013@outlook.com,542-735-4163
847,Bradley,Ford,bradley.ford.674@gmail.com,001-230-674-8758
848,Margaret,Cole,margaret.cole.946@outlook.com,(825)473-8807
849,Joel,Roberts,joel.roberts.377@hotmail.com,9822206253
850,Douglas,Williamson,douglas.williamson.314@outlook.com,001-364-423-0435x35011
851,Lisa,Bennett,lisa.bennett.088@outlook.com,(975)975-8822x7195
852,Alex,Walker,alex.walker.994@hotmail.com,645-800-8930x012
853,Sandra,Christensen,sandra.christensen.666@yahoo.com,(632)981-0507
854,Kimberly,Hernandez,kimberly.hernandez.539@hotmail.com,479.495.9462
855,Raymond,Perkins,raymond.perkins.337@yahoo.com,001-619-931-8057x664
856,Shelley,Moore,shelley.moore.580@outlook.com,+1-561-496-5118x11314
857,Christopher,Walker,christopher.walker.952@outlook.com,(554)857-9957
858,Debra,Wallace,debra.wallace.523@gmail.com,001-894-539-4297
859,Diane,Shields,diane.shields.765@outlook.com,001-607-652-8231x8376
860,Joy,Moore,joy.moore.647@hotmail.com,+1-664-975-7471x760
861,Connie,Paul,connie.paul.277@gmail.com,(272)576-9886x54802
862,Susan,James,susan.james.535@yahoo.com,755-229-4848
863,Kristine,Ferguson,kristine.ferguson.549@outlook.com,472.676.2699x27683
864,Aaron,Walters,aaron.walters.301@gmail.com,253.804.2293x5114
865,Alex,Lane,alex.lane.900@hotmail.com,+1-533-362-8989
866,Stephanie,Thompson,stephanie.thompson.182@gmail.com,(372)263-1844
867,Jeffrey,Parks,jeffrey.parks.306@hotmail.com,(213)473-2265x4191
868,Holly,Lee,holly.lee.499@outlook.com,622-558-5943
869,Kelly,Wallace,kelly.wallace.338@gmail.com,(785)366-3992x53495
870,Christine,Smith,christine.smith.282@outlook.com,7248650235
871,Debra,Erickson,debra.erickson.719@outlook.com,621-552-7663x159
872,Amanda,Harris,amanda.harris.917@outlook.com,297-885-9575x75686
873,Jonathan,Pacheco,jonathan.pacheco.437@outlook.com,+1-548-502-2155x52572
874,Michael,Wilson,michael.wilson.445@gmail.com,001-335-821-4569
875,Andrew,Anderson,andrew.anderson.288@yahoo.com,628-633-5805x953
876,Michael,Tate,michael.tate.904@gmail.com,+1-478-611-9386x9503
877,David,Santos,david.santos.927@hotmail.com,327-875-4995x148
878,Amy,Jones,amy.jones.286@yahoo.com,316-234-7722
879,Oscar,White,oscar.white.393@outlook.com,420.673.6331x5171
880,Michelle,Martin,michelle.martin.768@hotmail.com,001-422-864-1022
881,Randy,Pena,randy.pena.798@gmail.com,818-488-4642
882,Kristopher,Craig,kristopher.craig.834@outlook.com,001-815-814-5116x1459
883,Scott,Howard,scott.howard.630@hotmail.com,+1-610-408-1404x1073
884,Haley,Williamson,haley.williamson.444@outlook.com,8889854925
885,Roy,Crawford,roy.crawford.493@outlook.com,001-548-496-0270x53133
886,Victor,Faulkner,victor.faulkner.524@yahoo.com,637-795-4496x10424
887,Jordan,Murray,jordan.murray.108@gmail.com,757-863-6970x6767
888,James,Moody,james.moody.732@outlook.com,947-674-0267x4697
889,Lisa,Hansen,lisa.hansen.128@outlook.com,+1-340-494-5845
890,Brandon,Wilson,brandon.wilson.396@gmail.com,233-647-4919x374
891,Erin,Townsend,erin.townsend.753@hotmail.com,001-430-978-6784
892,Jennifer,Smith,jennifer.smith.378@yahoo.com,506-533-3386x07407
893,Scott,Riley,scott.riley.347@yahoo.com,2754407432
894,Jacob,Hernandez,jacob.hernandez.300@outlook.com,(314)825-8022
895,Joseph,Howard,joseph.howard.830@gmail.com,833.356.5766
896,Dawn,Crawford,dawn.crawford.621@yahoo.com,252-532-0112x42459
897,Brooke,White,brooke.white.262@gmail.com,6668325449
898,Michele,Clark,michele.clark.310@outlook.com,8749135297
899,Jimmy,Webb,jimmy.webb.603@gmail.com,(969)326-7438
900,Christian,Jones,christian.jones.982@gmail.com,001-456-521-0359
901,Catherine,Mann,catherine.mann.226@gmail.com,568.359.1797x723
902,Lisa,Winters,lisa.winters.070@hotmail.com,821-686-3114x5937
903,Audrey,Skinner,audrey.skinner.952@gmail.com,9017230033
904,Brandy,Johnson,brandy.johnson.719@yahoo.com,001-407-709-6467x143
905,Michael,Gibson,michael.gibson.150@gmail.com,001-608-704-1891x47159
906,Brittney,Silva,brittney.silva.101@yahoo.com,001-823-210-0781x367
907,Matthew,Diaz,matthew.diaz.276@hotmail.com,459.972.4851x4289
908,Tina,Zimmerman,tina.zimmerman.361@gmail.com,+1-397-379-8225x044
909,Sean,Parks,sean.parks.444@outlook.com,521-966-6401
910,Danielle,Hayden,danielle.hayden.593@yahoo.com,366-717-7550x43696
911,Caroline,Andrade,caroline.andrade.860@hotmail.com,472-791-7811x1813
912,Kristen,Winters,kristen.winters.783@hotmail.com,508.976.9841
913,Cheryl,Phillips,cheryl.phillips.559@outlook.com,+1-373-320-6646x548
914,David,Hall,david.hall.462@hotmail.com,001-354-526-1732x99222
915,Jennifer,Moore,jennifer.moore.197@yahoo.com,001-816-725-7255x852
916,Hunter,Williams,hunter.williams.833@gmail.com,247-908-2551x0340
917,Michele,Vega,michele.vega.832@yahoo.com,(812)895-4644x74550
918,Michelle,Miller,michelle.miller.561@outlook.com,001-983-785-6979x093
919,David,Brown,david.brown.876@yahoo.com,+1-893-756-2169x1172
920,Jack,Price,jack.price.339@outlook.com,+1-853-667-9387x361
921,Brian,Walters,brian.walters.969@outlook.com,610.918.1617
922,Brittany,Mills,brittany.mills.280@hotmail.com,001-814-745-3742
923,Sarah,Kelley,sarah.kelley.414@gmail.com,5736915361
924,Samantha,Berry,samantha.berry.394@outlook.com,692-346-5012x40212
925,Mallory,Estes,mallory.estes.695@gmail.com,+1-402-378-3847x574
926,Melissa,Knight,melissa.knight.776@gmail.com,560.395.5335x7368
927,Brian,Hernandez,brian.hernandez.916@gmail.com,+1-711-502-5215x3872
928,Matthew,Fisher,matthew.fisher.741@outlook.com,+1-603-389-8649
929,Rachel,Anderson,rachel.anderson.712@yahoo.com,(241)252-1651
930,Erica,Mckinney,erica.mckinney.525@outlook.com,439.844.5248x887
931,Evan,Gibbs,evan.gibbs.017@gmail.com,+1-663-505-0214
932,Melanie,Lindsey,melanie.lindsey.038@yahoo.com,226.913.3213x994
933,Roger,Collins,roger.collins.553@yahoo.com,(281)362-5795x17556
934,Destiny,Tanner,destiny.tanner.517@hotmail.com,269-754-9070
935,Patrick,Farmer,patrick.farmer.115@outlook.com,328.938.2795x554
936,Zachary,Barron,zachary.barron.078@hotmail.com,8377944978
937,Michael,Miller,michael.miller.732@gmail.com,788.650.3458x442
938,Joseph,Fowler,joseph.fowler.842@outlook.com,001-964-585-7135x531
939,Christopher,Lamb,christopher.lamb.342@hotmail.com,+1-846-878-4629
940,William,Neal,william.neal.269@gmail.com,9778049074
941,Michelle,Burgess,michelle.burgess.897@hotmail.com,(828)331-9708x957
942,Devin,Callahan,devin.callahan.444@yahoo.com,3853331936
943,Hannah,Morgan,hannah.morgan.283@hotmail.com,347-353-0265
944,Michael,Day,michael.day.314@yahoo.com,(917)982-1497
945,Tanya,Friedman,tanya.friedman.833@outlook.com,341.212.9940
946,Martha,Acosta,martha.acosta.341@hotmail.com,001-699-795-6127
947,Amanda,Martinez,amanda.martinez.217@yahoo.com,(899)584-0675x66500
948,Alex,Khan,alex.khan.408@gmail.com,8325676989
949,Diana,Wallace,diana.wallace.907@outlook.com,433-801-1595x1555
950,Lawrence,Owens,lawrence.owens.072@hotmail.com,001-438-266-1493x6908
951,Jennifer,Cooper,jennifer.cooper.985@hotmail.com,(616)801-6632x45866
952,Jessica,Carson,jessica.carson.929@gmail.com,(916)920-3511
953,Christina,Hernandez,christina.hernandez.260@hotmail.com,322.885.7845
954,Daniel,Howard,daniel.howard.986@yahoo.com,367.235.5096
955,Tyler,Simpson,tyler.simpson.874@hotmail.com,938-799-9244x37682
956,Dennis,Powers,dennis.powers.062@hotmail.com,001-255-438-8924x95323
957,Brooke,Cummings,brooke.cummings.975@outlook.com,451-815-0576
958,Kevin,Kirk,kevin.kirk.668@yahoo.com,+1-952-370-3747x605
959,Nicole,Lucero,nicole.lucero.119@gmail.com,(221)757-9663
960,Robert,Ferguson,robert.ferguson.906@yahoo.com,(816)829-2681x94549
961,Donald,Vasquez,donald.vasquez.258@gmail.com,+1-352-572-0144x36148
962,Jesus,Carter,jesus.carter.441@yahoo.com,668-627-1385x38073
963,Douglas,Holmes,douglas.holmes.761@yahoo.com,+1-501-559-7057x65227
964,Laura,Ross,laura.ross.456@gmail.com,(948)711-9124x138
965,Rebecca,Farmer,rebecca.farmer.943@outlook.com,+1-829-965-2005x920
966,Eric,Carr,eric.carr.269@hotmail.com,450.587.3248
967,Gregory,Ortiz,gregory.ortiz.979@gmail.com,(776)914-7620x101
968,Melissa,Johnson,melissa.johnson.808@hotmail.com,(560)741-2473
969,Heather,Patterson,heather.patterson.063@yahoo.com,376-743-4905x37498
970,Troy,Thompson,troy.thompson.771@outlook.com,(600)219-5188x88832
971,Joshua,Zamora,joshua.zamora.536@yahoo.com,635.878.8213
972,Edward,Ingram,edward.ingram.040@hotmail.com,+1-935-568-7696x4555
973,Jennifer,Wilkerson,jennifer.wilkerson.896@yahoo.com,9148162793
974,Terri,Humphrey,terri.humphrey.842@gmail.com,5284469823
975,Julia,Griffin,julia.griffin.486@hotmail.com,466.347.3544x762
976,Paula,Jackson,paula.jackson.469@hotmail.com,614-707-4658
977,Luis,Lowe,luis.lowe.790@gmail.com,991.256.6611x5260
978,Mercedes,Henry,mercedes.henry.153@outlook.com,+1-838-372-8531
979,Victor,West,victor.west.433@hotmail.com,551-403-6571x896
980,Regina,Scott,regina.scott.501@outlook.com,001-284-510-0021x99670
981,Tracy,Cooper,tracy.cooper.552@gmail.com,(539)768-2566x327
982,Megan,Hayes,megan.hayes.530@gmail.com,6133064523
983,Brett,Scott,brett.scott.474@hotmail.com,(588)873-9478x539
984,Robert,Thomas,robert.thomas.694@gmail.com,8989601597
985,Robert,Dixon,robert.dixon.281@gmail.com,+1-250-266-3785x8354
986,Michael,Washington,michael.washington.405@yahoo.com,(851)705-7493x69948
987,Robert,Jackson,robert.jackson.003@outlook.com,867.256.4555x2868
988,Janet,Powers,janet.powers.744@gmail.com,272.921.6070x62011
989,Samantha,Tran,samantha.tran.638@outlook.com,(336)351-2930x320
990,Rose,Watson,rose.watson.211@outlook.com,863-314-6293
991,Luis,Hall,luis.hall.459@outlook.com,526.421.5193x566
992,Jeremy,Reid,jeremy.reid.298@outlook.com,001-772-644-1449x5660
993,Angela,Lowe,angela.lowe.933@hotmail.com,813-443-4125
994,Laura,Chang,laura.chang.150@outlook.com,+1-465-980-5545x71012
995,Tyler,Thompson,tyler.thompson.320@gmail.com,2383652477
996,Karen,Kline,karen.kline.237@hotmail.com,9833353233
997,Meagan,Ball,meagan.ball.086@yahoo.com,(690)554-9651x437
998,Garrett,Cohen,garrett.cohen.753@hotmail.com,(872)263-5687
999,Sharon,Walker,sharon.walker.249@gmail.com,001-403-550-5818
1000,Elizabeth,Fernandez,elizabeth.fernandez.419@yahoo.com,(689)903-6460x254
